{"cameraMode":{"drawMode":0,"name":"Shaded","section":"Shading Mode"},"sceneLighting":false,"audioPlay":false,"sceneViewState":{"showFog":true,"showMaterialUpdate":false,"showSkybox":false,"showFlares":true,"showImageEffects":true,"showParticleSystems":true},"in2DMode":false,"pivot":{"x":1239.3056640625,"y":462.5208740234375,"z":946.4378051757813},"rotation":{"x":0.0062429276295006279,"y":0.16130270063877107,"z":-0.0009174561128020287,"w":0.9869458675384522},"size":589.2796630859375,"orthographic":false}