{"cameraMode":{"drawMode":0,"name":"Shaded","section":"Shading Mode"},"sceneLighting":false,"audioPlay":false,"sceneViewState":{"showFog":true,"showMaterialUpdate":false,"showSkybox":false,"showFlares":true,"showImageEffects":true,"showParticleSystems":true},"in2DMode":false,"pivot":{"x":0.7613410949707031,"y":-0.7013411521911621,"z":0.0},"rotation":{"x":-0.002691343892365694,"y":-0.005999324843287468,"z":-0.0000013139192560629454,"w":1.00002920627594},"size":3.315042734146118,"orthographic":false}