{"cameraMode":{"drawMode":0,"name":"Shaded","section":"Shading Mode"},"sceneLighting":false,"audioPlay":false,"sceneViewState":{"showFog":true,"showMaterialUpdate":false,"showSkybox":false,"showFlares":true,"showImageEffects":true,"showParticleSystems":true},"in2DMode":false,"pivot":{"x":403.8578796386719,"y":78.12709045410156,"z":909.4000854492188},"rotation":{"x":0.024287443608045579,"y":0.04347759485244751,"z":-0.0010040303459390998,"w":0.9988141655921936},"size":602.8851318359375,"orthographic":false}